section,kind,key,baseline_n,baseline_share,baseline_status,proposed_n,proposed_share,proposed_status,delta_pp
match_shape,share,Reached the final round,2004,0.8593,,2004,0.8423,,-1.6966
match_shape,share,Ended by territory victory,2004,0.1672,,2004,0.1901,,2.2954
match_shape,share,Duels drawn,15315,0.0247,,15191,0.0235,,-0.1181
match_shape,share,"First attacker wins (mirror, decisive)",998,0.4709,,996,0.4900,,1.9018
match_shape,share,"Trailing < 35% after round 4 comes back (mirror, decisive)",136,0.0368,,151,0.0132,,-2.3520
screening,first attacker,mirror labels,998,0.4709,ok,996,0.4900,ok,1.9018
screening,element,Agni,8104,0.6334,FLAG,7113,0.6297,FLAG,-0.3699
screening,element,Vayu,5746,0.4751,ok,6023,0.4841,ok,0.9031
screening,element,Prithvi,7222,0.3661,FLAG,7426,0.3982,FLAG,3.2092
screening,element,Vidyut,6369,0.5558,FLAG,5436,0.5497,watch,-0.6148
screening,element,Varuna,5433,0.4399,FLAG,5916,0.4424,FLAG,0.2455
screening,"weapon (duel, used)",1 Ember Arrow,3031,0.5543,ok,2944,0.5445,ok,-0.9775
screening,"weapon (duel, used)",2 Gale Arrow,2490,0.5068,ok,2387,0.5073,ok,0.0504
screening,"weapon (duel, used)",3 Stone Arrow,3327,0.4148,FLAG,3445,0.4369,ok,2.2077
screening,"weapon (duel, used)",4 Spark Arrow,3295,0.5259,ok,2932,0.5201,ok,-0.5826
screening,"weapon (duel, used)",5 Tide Arrow,3249,0.5032,ok,3362,0.5101,ok,0.6881
screening,"weapon (duel, used)",6 Fire Fan,2628,0.5639,ok,2382,0.5260,ok,-3.7898
screening,"weapon (duel, used)",7 Twin Gust,1978,0.5096,ok,1906,0.5063,ok,-0.3310
screening,"weapon (duel, used)",8 Boulder Shot,2558,0.5109,ok,2636,0.5334,ok,2.2438
screening,"weapon (duel, used)",9 Chain Bolt,1248,0.5080,ok,1142,0.5009,ok,-0.7137
screening,"weapon (duel, used)",10 Mist Veil,1224,0.3570,FLAG,1321,0.3846,FLAG,2.7531
screening,"weapon (duel, used)",11 Ash Shield,1036,0.5898,watch,1006,0.5616,ok,-2.8138
screening,"weapon (duel, used)",12 Cyclone,1123,0.3865,FLAG,1412,0.4582,ok,7.1750
screening,"weapon (duel, used)",13 Iron Wall,800,0.4675,ok,812,0.4520,ok,-1.5530
screening,"weapon (duel, used)",14 Storm Net,814,0.5233,ok,746,0.5375,ok,1.4192
screening,"weapon (duel, used)",15 Flood Arrow,975,0.4554,ok,1040,0.4442,ok,-1.1154
screening,"weapon (duel, used)",16 Sun Lance,1015,0.5547,ok,1019,0.5505,ok,-0.4140
screening,"weapon (duel, used)",17 Sky Dive,678,0.4071,watch,721,0.4452,ok,3.8135
screening,"weapon (duel, used)",18 Quake Arrow,491,0.5275,ok,550,0.5145,ok,-1.2949
screening,"weapon (duel, used)",19 Thunder Crown,708,0.4972,ok,677,0.4771,ok,-2.0070
screening,"weapon (duel, used)",20 Ocean Call,568,0.5106,ok,539,0.4879,ok,-2.2623
screening,terrain defender,Plain,4201,0.4951,ok,4143,0.5011,ok,0.5966
screening,terrain defender,Fort,840,0.5631,ok,874,0.5778,ok,1.4708
screening,terrain defender,River,679,0.7555,FLAG,756,0.5992,watch,-15.6316
screening,terrain defender,Forest,823,0.4702,ok,805,0.4932,ok,2.2937
screening,terrain defender,Armoury,1163,0.4772,ok,1118,0.5143,ok,3.7097
